<?xml version="1.0" encoding="UTF-8"?><module codename="org.netbeans.modules.masterfs.nio2">
    <module_version install_time="1416338258664" last="true" origin="installer" specification_version="1.12.1">
        <file crc="1000323626" name="config/Modules/org-netbeans-modules-masterfs-nio2.xml"/>
        <file crc="645426219" name="modules/locale/org-netbeans-modules-masterfs-nio2_ja.jar"/>
        <file crc="3149078116" name="modules/locale/org-netbeans-modules-masterfs-nio2_pt_BR.jar"/>
        <file crc="3256546203" name="modules/locale/org-netbeans-modules-masterfs-nio2_ru.jar"/>
        <file crc="460189310" name="modules/locale/org-netbeans-modules-masterfs-nio2_zh_CN.jar"/>
        <file crc="2577373843" name="modules/org-netbeans-modules-masterfs-nio2.jar"/>
    </module_version>
</module>
