<?xml version="1.0" encoding="UTF-8"?><module codename="org.netbeans.core.osgi">
    <module_version install_time="1416338611889" last="true" origin="installer" specification_version="1.18.1">
        <file crc="4106410406" name="config/Modules/org-netbeans-core-osgi.xml"/>
        <file crc="1938601866" name="modules/locale/org-netbeans-core-osgi_ja.jar"/>
        <file crc="2448923567" name="modules/locale/org-netbeans-core-osgi_pt_BR.jar"/>
        <file crc="4015402609" name="modules/locale/org-netbeans-core-osgi_ru.jar"/>
        <file crc="2124500177" name="modules/locale/org-netbeans-core-osgi_zh_CN.jar"/>
        <file crc="3415378431" name="modules/org-netbeans-core-osgi.jar"/>
    </module_version>
</module>
